{
  "unversionedId": "intro",
  "id": "intro",
  "title": "Tutorial Intro",
  "description": "Let's discover Docusaurus in less than 5 minutes.",
  "source": "@site/docs/intro.md",
  "sourceDirName": ".",
  "slug": "/intro",
  "permalink": "/docs/intro",
  "draft": false,
  "editUrl": "https://github.com/Sh1n3zZ/LeSunCloud_Docs/docs/intro.md",
  "tags": [],
  "version": "current",
  "sidebarPosition": 1,
  "frontMatter": {
    "sidebar_position": 1
  },
  "sidebar": "tutorialSidebar",
  "next": {
    "title": "Tutorial - Basics",
    "permalink": "/docs/category/tutorial---basics"
  }
}