{
  "/blog-b7e": {
    "__comp": "a6aa9e1f",
    "__context": {
      "plugin": "3ca36439"
    },
    "sidebar": "814f3328",
    "items": [
      {
        "content": "7661071f"
      },
      {
        "content": "f4f34a3a"
      },
      {
        "content": "8717b14a"
      },
      {
        "content": "925b3f96"
      }
    ],
    "metadata": "b2b675dd"
  },
  "/blog/archive-aa4": {
    "__comp": "9e4087bc",
    "__context": {
      "plugin": "3ca36439"
    },
    "archive": "b2f554cd"
  },
  "/blog/first-blog-post-22b": {
    "__comp": "ccc49370",
    "__context": {
      "plugin": "3ca36439"
    },
    "sidebar": "814f3328",
    "content": "e273c56f"
  },
  "/blog/long-blog-post-fed": {
    "__comp": "ccc49370",
    "__context": {
      "plugin": "3ca36439"
    },
    "sidebar": "814f3328",
    "content": "73664a40"
  },
  "/blog/mdx-blog-post-3bc": {
    "__comp": "ccc49370",
    "__context": {
      "plugin": "3ca36439"
    },
    "sidebar": "814f3328",
    "content": "59362658"
  },
  "/blog/tags-d51": {
    "__comp": "01a85c17",
    "__context": {
      "plugin": "3ca36439"
    },
    "sidebar": "814f3328",
    "tags": "a7023ddc"
  },
  "/blog/tags/docusaurus-06c": {
    "__comp": "6875c492",
    "__context": {
      "plugin": "3ca36439"
    },
    "sidebar": "814f3328",
    "items": [
      {
        "content": "7661071f"
      },
      {
        "content": "f4f34a3a"
      },
      {
        "content": "8717b14a"
      },
      {
        "content": "925b3f96"
      }
    ],
    "tag": "a80da1cf",
    "listMetadata": "608ae6a4"
  },
  "/blog/tags/facebook-559": {
    "__comp": "6875c492",
    "__context": {
      "plugin": "3ca36439"
    },
    "sidebar": "814f3328",
    "items": [
      {
        "content": "7661071f"
      }
    ],
    "tag": "031793e1",
    "listMetadata": "096bfee4"
  },
  "/blog/tags/hello-41a": {
    "__comp": "6875c492",
    "__context": {
      "plugin": "3ca36439"
    },
    "sidebar": "814f3328",
    "items": [
      {
        "content": "7661071f"
      },
      {
        "content": "8717b14a"
      }
    ],
    "tag": "30a24c52",
    "listMetadata": "66406991"
  },
  "/blog/tags/hola-980": {
    "__comp": "6875c492",
    "__context": {
      "plugin": "3ca36439"
    },
    "sidebar": "814f3328",
    "items": [
      {
        "content": "925b3f96"
      }
    ],
    "tag": "e16015ca",
    "listMetadata": "4c9e35b1"
  },
  "/blog/welcome-d30": {
    "__comp": "ccc49370",
    "__context": {
      "plugin": "3ca36439"
    },
    "sidebar": "814f3328",
    "content": "d9f32620"
  },
  "/markdown-page-137": {
    "__comp": "1f391b9e",
    "__context": {
      "plugin": "72a70d6a"
    },
    "content": "393be207"
  },
  "/docs-f87": {
    "__comp": "1be78505",
    "__context": {
      "plugin": "33ad4bb5"
    },
    "versionMetadata": "935f2afb"
  },
  "/docs/category/tutorial---basics-d44": {
    "__comp": "14eb3368",
    "categoryGeneratedIndex": "ea88f2a1"
  },
  "/docs/category/tutorial---extras-f09": {
    "__comp": "14eb3368",
    "categoryGeneratedIndex": "c844b82d"
  },
  "/docs/intro-aed": {
    "__comp": "17896441",
    "content": "0e384e19"
  },
  "/docs/tutorial-basics/congratulations-793": {
    "__comp": "17896441",
    "content": "822bd8ab"
  },
  "/docs/tutorial-basics/create-a-blog-post-68e": {
    "__comp": "17896441",
    "content": "533a09ca"
  },
  "/docs/tutorial-basics/create-a-document-c2d": {
    "__comp": "17896441",
    "content": "1e4232ab"
  },
  "/docs/tutorial-basics/create-a-page-f44": {
    "__comp": "17896441",
    "content": "5c868d36"
  },
  "/docs/tutorial-basics/deploy-your-site-e46": {
    "__comp": "17896441",
    "content": "f55d3e7a"
  },
  "/docs/tutorial-basics/markdown-features-4b7": {
    "__comp": "17896441",
    "content": "18c41134"
  },
  "/docs/tutorial-extras/manage-docs-versions-fdd": {
    "__comp": "17896441",
    "content": "dff1c289"
  },
  "/docs/tutorial-extras/translate-your-site-2d7": {
    "__comp": "17896441",
    "content": "e44a2883"
  },
  "/-594": {
    "__comp": "c4f5d8e4",
    "__context": {
      "plugin": "72a70d6a"
    },
    "config": "5e9f5e1a"
  }
}