{
  "permalink": "/blog/long-blog-post",
  "editUrl": "httphttps://github.com/Sh1n3zZ/LeSunCloud_Docs/blog/2019-05-29-long-blog-post.md",
  "source": "@site/blog/2019-05-29-long-blog-post.md",
  "title": "Long Blog Post",
  "description": "This is the summary of a very long blog post,",
  "date": "2019-05-29T00:00:00.000Z",
  "formattedDate": "May 29, 2019",
  "tags": [
    {
      "label": "hello",
      "permalink": "/blog/tags/hello"
    },
    {
      "label": "docusaurus",
      "permalink": "/blog/tags/docusaurus"
    }
  ],
  "hasTruncateMarker": true,
  "authors": [
    {
      "name": "Endilie Yacop Sucipto",
      "title": "Maintainer of Docusaurus",
      "url": "https://github.com/endiliey",
      "imageURL": "https://github.com/endiliey.png",
      "key": "endi"
    }
  ],
  "frontMatter": {
    "slug": "long-blog-post",
    "title": "Long Blog Post",
    "authors": "endi",
    "tags": [
      "hello",
      "docusaurus"
    ]
  },
  "prevItem": {
    "title": "MDX Blog Post",
    "permalink": "/blog/mdx-blog-post"
  },
  "nextItem": {
    "title": "First Blog Post",
    "permalink": "/blog/first-blog-post"
  }
}